logTP,fit,se,lwr,upr,LM,JB,DR,TSI
1.840712253,0.169223528,0.087746951,0.02474588,0.313701176,1.224151537,1.194373928,1.052525017,1.252563254
1.850712253,0.179411962,0.086246755,0.037404425,0.321419498,1.240321224,1.211939706,1.067887134,1.270845028
1.860712253,0.189667564,0.084756613,0.050113586,0.329221542,1.256704495,1.229763825,1.083473469,1.289393632
1.870712253,0.199990367,0.083276782,0.062872968,0.337107766,1.27330417,1.247850085,1.099287294,1.308212963
1.880712253,0.210380391,0.081807526,0.075682161,0.345078622,1.290123109,1.266202342,1.11533193,1.327306971
1.890712253,0.220837653,0.080349108,0.088540746,0.353134559,1.307164207,1.284824507,1.131610744,1.346679665
1.900712253,0.231362157,0.078901794,0.101448292,0.361276023,1.3244304,1.30372055,1.148127157,1.366335113
1.910712253,0.241953903,0.077465851,0.114404354,0.369503451,1.341924659,1.3228945,1.164884634,1.386277442
1.920712253,0.252612879,0.076041551,0.127408478,0.377817279,1.359649999,1.342350442,1.181886695,1.406510839
1.930712253,0.263339068,0.074629165,0.140460197,0.386217938,1.37760947,1.362092525,1.199136909,1.427039552
1.940712253,0.274132441,0.073228969,0.15355903,0.394705853,1.395806167,1.382124957,1.216638898,1.447867892
1.950712253,0.284992965,0.07184124,0.166704485,0.403281445,1.414243221,1.402452008,1.234396338,1.469000232
1.960712253,0.295920592,0.070466259,0.179896055,0.41194513,1.432923809,1.42307801,1.252412956,1.490441009
1.970712253,0.306915272,0.069104307,0.193133223,0.42069732,1.451851146,1.444007362,1.270692535,1.512194724
1.980712253,0.31797694,0.067755671,0.206415457,0.429538422,1.471028493,1.465244523,1.289238914,1.534265946
1.990712253,0.329105525,0.066420637,0.21974221,0.43846884,1.490459151,1.486794022,1.308055987,1.556659307
2.000712253,0.340300948,0.065099497,0.233112925,0.447488971,1.510146467,1.508660451,1.327147703,1.579379511
2.010712253,0.351563118,0.063792544,0.246527027,0.456599209,1.53009383,1.530848472,1.346518073,1.602431327
2.020712253,0.362891936,0.062500075,0.259983928,0.465799943,1.550304676,1.553362815,1.366171163,1.625819596
2.030712253,0.374287294,0.06122239,0.273483028,0.475091559,1.570782485,1.576208278,1.386111099,1.649549228
2.040712253,0.385749073,0.059959792,0.287023709,0.484474437,1.591530783,1.599389732,1.406342068,1.673625205
2.050712253,0.397277147,0.058712586,0.30060534,0.493948953,1.612553143,1.622912117,1.426868318,1.698052583
2.060712253,0.408871377,0.057481081,0.314227274,0.50351548,1.633853185,1.646780449,1.447694159,1.722836491
2.070712253,0.420531617,0.056265592,0.327888849,0.513174385,1.655434577,1.670999815,1.468823963,1.747982132
2.080712253,0.43225771,0.055066433,0.341589389,0.522926032,1.677301036,1.695575377,1.490262167,1.773494786
2.090712253,0.44404949,0.053883925,0.355328199,0.532770781,1.699456326,1.720512375,1.512013272,1.79937981
2.100712253,0.455906779,0.05271839,0.369104572,0.542708986,1.721904263,1.745816123,1.534081845,1.825642638
2.110712253,0.467829391,0.051570154,0.382917784,0.552740998,1.744648713,1.771492017,1.556472519,1.852288785
2.120712253,0.479817129,0.050439548,0.396767095,0.562867163,1.767693591,1.797545528,1.579189997,1.879323845
2.130712253,0.491869785,0.049326904,0.410651749,0.573087822,1.791042867,1.823982211,1.602239047,1.906753496
2.140712253,0.503987143,0.048232558,0.424570975,0.583403311,1.814700561,1.850807701,1.625624509,1.934583495
2.150712253,0.516168975,0.047156851,0.438523988,0.593813962,1.838670747,1.878027716,1.649351294,1.962819687
2.160712253,0.528415042,0.046100122,0.452509985,0.604320098,1.862957552,1.905648058,1.673424382,1.991468
2.170712253,0.540725096,0.045062718,0.466528153,0.614922039,1.887565159,1.933674616,1.697848829,2.020534449
2.180712253,0.553098878,0.044044984,0.48057766,0.625620096,1.912497806,1.962113363,1.722629763,2.050025138
2.190712253,0.565536118,0.043047269,0.494657665,0.636414572,1.937759785,1.990970361,1.747772387,2.079946257
2.200712253,0.578036537,0.042069921,0.508767313,0.647305761,1.963355447,2.020251763,1.773281979,2.110304089
2.210712253,0.590599843,0.04111329,0.522905737,0.658293949,1.989289199,2.049963809,1.799163897,2.141105009
2.220712253,0.603225735,0.040177724,0.537072061,0.669379408,2.015565508,2.080112833,1.825423574,2.172355484
2.230712253,0.6159139,0.039263572,0.551265403,0.680562397,2.042188897,2.110705261,1.852066523,2.204062074
2.240712253,0.628664015,0.038371177,0.56548487,0.691843161,2.069163952,2.141747616,1.87909834,2.236231438
2.250712253,0.641475747,0.03750088,0.579729568,0.703221926,2.096495318,2.173246514,1.906524699,2.268870329
2.260712253,0.654348751,0.036653016,0.593998602,0.7146989,2.124187701,2.205208669,1.934351359,2.301985601
2.270712253,0.667282671,0.035827913,0.608291075,0.726274266,2.152245869,2.237640894,1.962584163,2.335584206
2.280712253,0.68027714,0.03502589,0.622606097,0.737948183,2.180674655,2.270550104,1.991229038,2.3696732
2.290712253,0.693331782,0.034247253,0.636942784,0.74972078,2.209478953,2.303943313,2.020292,2.404259739
2.300712253,0.706446208,0.033492297,0.651300266,0.76159215,2.238663725,2.337827639,2.049779149,2.439351085
2.310712253,0.719620019,0.032761297,0.665677687,0.77356235,2.268233995,2.372210305,2.079696678,2.474954607
2.320712253,0.732852804,0.032054511,0.680074214,0.785631394,2.298194855,2.407098641,2.110050868,2.51107778
2.330712253,0.746144142,0.031372174,0.694489038,0.797799247,2.328551466,2.442500083,2.140848092,2.547728188
2.340712253,0.759493602,0.030714495,0.708921384,0.81006582,2.359309053,2.478422177,2.172094817,2.584913526
2.350712253,0.77290074,0.030081652,0.723370513,0.822430967,2.390472914,2.514872581,2.203797603,2.622641603
2.360712253,0.786365102,0.029473794,0.737835731,0.834894474,2.422048416,2.551859065,2.235963106,2.66092034
2.370712253,0.799886224,0.028891028,0.752316392,0.847456056,2.454040995,2.589389513,2.268598081,2.699757773
2.380712253,0.813463628,0.028333423,0.766811907,0.86011535,2.48645616,2.627471925,2.301709379,2.739162058
2.390712253,0.82709683,0.027801005,0.781321749,0.87287191,2.519299494,2.666114419,2.335303953,2.779141467
2.400712253,0.840785329,0.027293748,0.79584546,0.885725199,2.552576652,2.705325232,2.369388856,2.819704396
2.410712253,0.85452862,0.026811578,0.810382656,0.898674583,2.586293364,2.745112722,2.403971245,2.86085936
2.420712253,0.868326181,0.026354364,0.824933032,0.91171933,2.620455437,2.785485371,2.439058381,2.902615001
2.430712253,0.882177482,0.025921919,0.839496365,0.9248586,2.655068753,2.826451785,2.47465763,2.944980087
2.440712253,0.896081984,0.025513995,0.854072524,0.938091444,2.690139272,2.868020696,2.510776468,2.987963511
2.450712253,0.910039133,0.025130284,0.868661463,0.951416803,2.725673034,2.910200964,2.547422479,3.031574299
2.460712253,0.924048368,0.024770414,0.883263234,0.964833502,2.761676158,2.953001583,2.584603355,3.075821608
2.470712253,0.938109116,0.024433951,0.897877977,0.978340254,2.798154844,2.996431674,2.622326905,3.120714729
2.480712253,0.952220792,0.024120398,0.912505926,0.991935658,2.835115372,3.040500496,2.660601048,3.166263086
2.490712253,0.966382804,0.023829199,0.927147406,1.005618202,2.872564108,3.085217443,2.699433822,3.212476244
2.500712253,0.980594546,0.023559736,0.941802825,1.019386267,2.9105075,3.130592046,2.738833378,3.259363905
2.510712253,0.994855404,0.023311338,0.956472676,1.033238132,2.948952083,3.176633978,2.77880799,3.306935915
2.520712253,1.009164752,0.023083282,0.971157525,1.047171979,2.987904476,3.223353053,2.819366052,3.355202262
2.530712253,1.023521955,0.022874795,0.985858008,1.061185903,3.027371387,3.270759231,2.860516078,3.404173079
2.540712253,1.037926368,0.022685063,1.000574819,1.075277916,3.067359612,3.318862616,2.902266708,3.45385865
2.550712253,1.052377334,0.022513235,1.015308704,1.089445964,3.107876038,3.367673462,2.94462671,3.504269406
2.560712253,1.066874188,0.022358429,1.030060449,1.103687926,3.14892764,3.417202175,2.987604977,3.555415931
2.570712253,1.081416254,0.022219739,1.044830873,1.118001636,3.190521489,3.467459311,3.031210532,3.607308965
2.580712253,1.096002848,0.02209624,1.059620812,1.132384884,3.232664747,3.518455584,3.075452532,3.659959403
2.590712253,1.110633274,0.021986994,1.074431113,1.146835434,3.27536467,3.570201864,3.120340265,3.7133783
2.600712253,1.125306827,0.02189106,1.089262625,1.161351029,3.318628612,3.622709182,3.165883157,3.767576872
2.610712253,1.140022794,0.021807495,1.104116184,1.175929404,3.362464023,3.67598873,3.21209077,3.822566499
2.620712253,1.154780451,0.021735364,1.118992605,1.190568296,3.406878451,3.730051866,3.258972805,3.878358726
2.630712253,1.169579065,0.021673745,1.133892678,1.205265452,3.451879544,3.784910114,3.306539107,3.934965268
2.640712253,1.184417894,0.021621729,1.148817153,1.220018636,3.497475052,3.840575168,3.354799662,3.99239801
2.650712253,1.199296189,0.021578432,1.163766736,1.234825642,3.543672827,3.897058893,3.403764603,4.050669011
2.660712253,1.214213189,0.021542995,1.178742085,1.249684292,3.590480823,3.95437333,3.453444212,4.109790505
2.670712253,1.229168125,0.021514585,1.193743798,1.264592452,3.6379071,4.012530697,3.503848919,4.169774907
2.680712253,1.244160221,0.021492404,1.208772416,1.279548027,3.685959826,4.071543389,3.554989307,4.230634811
2.690712253,1.259188692,0.021475688,1.223828411,1.294548973,3.734647276,4.131423988,3.606876114,4.292382995
2.700712253,1.274252743,0.021463707,1.238912189,1.309593298,3.783977833,4.192185256,3.659520234,4.355032423
2.710712253,1.289351574,0.021455772,1.254024085,1.324679063,3.833959992,4.253840146,3.712932721,4.418596251
2.720712253,1.304484374,0.02145123,1.269164362,1.339804385,3.88460236,4.316401801,3.76712479,4.483087823
2.730712253,1.319650325,0.021449471,1.28433321,1.35496744,3.935913657,4.379883556,3.822107818,4.548520682
2.740712253,1.334848602,0.021449924,1.299530742,1.370166463,3.98790272,4.444298944,3.877893351,4.614908565
2.750712253,1.350078373,0.021452058,1.314757,1.385399747,4.040578501,4.509661696,3.9344931,4.682265412
2.760712253,1.365338797,0.021455381,1.330011951,1.400665644,4.093950071,4.575985744,3.991918951,4.750605366
2.770712253,1.380629027,0.021459446,1.34529549,1.415962565,4.14802662,4.643285227,4.05018296,4.819942774
2.780712253,1.395948209,0.021463839,1.360607438,1.431288981,4.202817461,4.71157449,4.10929736,4.890292195
2.790712253,1.411295482,0.021468189,1.375947547,1.446643417,4.258332028,4.78086809,4.169274564,4.961668401
2.800712253,1.426669977,0.021472163,1.3913155,1.462024455,4.31457988,4.851180798,4.230127165,5.034086377
2.810712253,1.442070822,0.021475463,1.406710911,1.477430733,4.371570705,4.922527601,4.291867939,5.107561329
2.820712253,1.457497135,0.021477828,1.42213333,1.49286094,4.429314316,4.99492371,4.354509851,5.182108684
2.830712253,1.47294803,0.021479032,1.437582242,1.508313818,4.487820655,5.068384555,4.418066051,5.257744094
2.840712253,1.488422614,0.021478884,1.453057071,1.523788158,4.547099799,5.142925797,4.482549885,5.33448344
2.850712253,1.503919991,0.021477224,1.468557181,1.539282802,4.607161954,5.218563324,4.547974892,5.412342834
2.860712253,1.519439256,0.021473924,1.484081879,1.554796634,4.668017464,5.29531326,4.61435481,5.491338624
2.870712253,1.534979502,0.021468888,1.499630416,1.570328587,4.729676808,5.373191964,4.681703574,5.571487396
2.880712253,1.550539813,0.021462048,1.515201991,1.585877636,4.792150604,5.452216039,4.750035327,5.652805979
2.890712253,1.566119273,0.021453363,1.530795749,1.601442796,4.855449609,5.532402329,4.819364415,5.735311446
2.900712253,1.581716957,0.021442823,1.546410789,1.617023125,4.919584724,5.613767926,4.889705395,5.819021121
2.910712253,1.597331938,0.021430439,1.562046161,1.632617715,4.984566994,5.696330176,4.961073036,5.903952579
2.920712253,1.612963285,0.021416249,1.577700872,1.648225699,5.050407606,5.780106677,5.033482323,5.990123654
2.930712253,1.628610062,0.021400315,1.593373884,1.663846241,5.117117901,5.865115287,5.106948459,6.077552437
2.940712253,1.64427133,0.021382722,1.60906412,1.67947854,5.184709365,5.951374128,5.181486868,6.166257287
2.950712253,1.659946145,0.021363573,1.624770464,1.695121826,5.253193637,6.038901586,5.257113203,6.256256827
2.960712253,1.675633562,0.021342995,1.640491763,1.71077536,5.32258251,6.127716319,5.33384334,6.347569954
2.970712253,1.69133263,0.021321131,1.656226831,1.72643843,5.392887934,6.217837259,5.411693392,6.440215841
2.980712253,1.707042399,0.021298145,1.671974448,1.742110351,5.464122015,6.309283617,5.490679703,6.53421394
2.990712253,1.722761913,0.021274214,1.687733363,1.757790463,5.536297019,6.402074886,5.570818858,6.629583988
3.000712253,1.738490216,0.021249535,1.7035023,1.773478131,5.609425374,6.496230845,5.652127683,6.726346008
3.010712253,1.754226347,0.021224317,1.719279955,1.78917274,5.683519675,6.591771566,5.73462325,6.824520316
3.020712253,1.769969346,0.021198781,1.735064999,1.804873694,5.758592679,6.688717413,5.81832288,6.924127527
3.030712253,1.78571825,0.021173164,1.750856082,1.820580419,5.834657315,6.787089053,5.903244147,7.025188554
3.040712253,1.801472095,0.021147711,1.766651836,1.836292354,5.91172668,6.886907454,5.989404882,7.127724616
3.050712253,1.817229915,0.021122677,1.782450875,1.852008954,5.989814046,6.988193895,6.076823175,7.231757242
3.060712253,1.832990743,0.021098327,1.798251797,1.867729689,6.06893286,7.090969965,6.16551738,7.337308275
3.070712253,1.848753612,0.021074931,1.814053188,1.883454037,6.149096746,7.195257574,6.255506121,7.444399876
3.080712253,1.864517556,0.021052767,1.829853625,1.899181487,6.230319508,7.301078951,6.346808292,7.553054533
3.090712253,1.880281604,0.021032117,1.845651675,1.914911534,6.312615132,7.408456653,6.439443062,7.663295057
3.100712253,1.896044791,0.021013264,1.861445902,1.930643679,6.395997791,7.517413571,6.533429882,7.775144595
3.110712253,1.911806147,0.020996497,1.877234866,1.946377427,6.480481843,7.627972928,6.628788485,7.888626632
3.120712253,1.927564705,0.0209821,1.893017128,1.962112282,6.566081835,7.740158293,6.725538895,8.003764995
3.130712253,1.943319499,0.020970362,1.908791251,1.977847748,6.652812509,7.85399358,6.823701423,8.120583858
3.140712253,1.959069563,0.020961563,1.924555801,1.993583325,6.740688798,7.969503053,6.923296682,8.23910775
3.150712253,1.974813933,0.020955984,1.940309356,2.009318509,6.829725837,8.086711336,7.024345582,8.359361556
3.160712253,1.990551644,0.020953899,1.956050501,2.025052787,6.919938955,8.205643414,7.12686934,8.481370525
3.170712253,2.006281736,0.020955574,1.971777836,2.040785636,7.01134369,8.326324637,7.230889483,8.605160275
3.180712253,2.022003249,0.020961268,1.987489974,2.056516524,7.10395578,8.448780731,7.33642785,8.730756797
3.190712253,2.037715225,0.020971229,2.003185549,2.072244901,7.197791173,8.573037799,7.443506602,8.858186461
3.200712253,2.053416709,0.020985695,2.018863214,2.087970204,7.292866027,8.699122328,7.55214822,8.987476024
3.210712253,2.069106749,0.021004891,2.034521646,2.103691851,7.389196715,8.827061195,7.662375516,9.118652631
3.220712253,2.084784394,0.02102903,2.050159546,2.119409241,7.486799826,8.956881672,7.774211633,9.251743824
3.230712253,2.100448697,0.021058308,2.065775643,2.135121751,7.585692165,9.088611432,7.887680053,9.386777549
3.240712253,2.116098715,0.021092905,2.081368696,2.150828734,7.685890762,9.222278554,8.0028046,9.523782157
3.250712253,2.131733508,0.021132986,2.096937494,2.166529521,7.787412872,9.357911532,8.119609446,9.662786414
3.260712253,2.147352139,0.021178697,2.11248086,2.182223417,7.890275977,9.495539279,8.238119116,9.803819506
3.270712253,2.162953675,0.021230166,2.127997652,2.197909698,7.994497789,9.63519113,8.358358493,9.946911046
3.280712253,2.178537189,0.021287501,2.143486762,2.213587616,8.100096256,9.776896855,8.480352822,10.09209108
3.290712253,2.194101756,0.021350791,2.158947121,2.22925639,8.207089562,9.920686661,8.604127718,10.23939008
3.300712253,2.209646456,0.021420104,2.174377696,2.244915216,8.315496132,10.0665912,8.729709169,10.38883898
3.310712253,2.225170376,0.021495488,2.189777493,2.260563258,8.425334632,10.21464157,8.857123542,10.54046917
3.320712253,2.240672604,0.021576971,2.205145558,2.276199651,8.536623977,10.36486933,8.986397591,10.69431247
3.330712253,2.256152237,0.02166456,2.220480973,2.291823502,8.649383331,10.5173065,9.117558458,10.85040119
3.340712253,2.271608376,0.021758242,2.235782863,2.30743389,8.763632111,10.67198559,9.250633682,11.0087681
3.350712253,2.287040127,0.021857982,2.251050388,2.323029866,8.879389992,10.82893955,9.385651203,11.16944645
3.360712253,2.302446602,0.021963729,2.266282749,2.338610455,8.996676905,10.98820186,9.522639372,11.33246999
3.370712253,2.31782692,0.022075408,2.281479184,2.354174657,9.11551305,11.14980645,9.661626949,11.49787293
3.380712253,2.333180205,0.02219293,2.296638966,2.369721445,9.235918888,11.31378777,9.802643119,11.66569
3.390712253,2.348505588,0.022316186,2.311761406,2.385249771,9.357915153,11.48018079,9.945717488,11.83595645
3.400712253,2.363802207,0.022445048,2.326845848,2.400758566,9.481522855,11.64902096,10.0908801,12.00870802
3.410712253,2.379069206,0.022579376,2.341891673,2.416246738,9.606763278,11.82034428,10.23816143,12.18398099
3.420712253,2.394305735,0.022719011,2.35689829,2.43171318,9.733657987,11.99418728,10.3875924,12.36181215
3.430712253,2.409510953,0.022863781,2.37186514,2.447156766,9.862228836,12.17058699,10.53920439,12.54223884
3.440712253,2.424684027,0.023013501,2.386791695,2.462576358,9.992497963,12.34958104,10.69302923,12.72529895
3.450712253,2.439824128,0.023167975,2.401677452,2.477970804,10.1244878,12.53120757,10.84909922,12.91103091
3.460712253,2.454930438,0.023326992,2.416521936,2.49333894,10.25822108,12.7155053,11.00744713,13.09947372
3.470712253,2.470002144,0.023490335,2.431324694,2.508679594,10.39372083,12.90251352,11.1681062,13.29066694
3.480712253,2.485038444,0.023657775,2.446085299,2.52399159,10.53101037,13.09227208,11.33111017,13.48465073
3.490712253,2.500038543,0.023829078,2.460803343,2.539273742,10.67011336,13.28482144,11.49649326,13.6814658
3.500712253,2.515001651,0.024004,2.475478438,2.554524865,10.81105375,13.48020265,11.6642902,13.88115348
3.510712253,2.529926992,0.024182294,2.490110213,2.569743771,10.95385581,13.67845735,11.83453622,14.0837557
3.520712253,2.544813795,0.024363706,2.504698316,2.584929273,11.09854412,13.87962779,12.00726707,14.289315
3.530712253,2.559661297,0.024547979,2.519242408,2.600080187,11.2451436,14.08375688,12.182519,14.49787454
3.540712253,2.574468747,0.024734854,2.533742164,2.615195331,11.3936795,14.29088811,12.36032882,14.70947811
3.550712253,2.589235401,0.024924069,2.548197271,2.630273532,11.5441774,14.50106563,12.54073386,14.92417013
3.560712253,2.603960524,0.025115359,2.562607429,2.64531362,11.6966632,14.71433426,12.72377201,15.14199569
3.570712253,2.618643391,0.025308463,2.576972345,2.660314436,11.85116318,14.93073946,12.90948168,15.36300052
3.580712253,2.633283284,0.025503116,2.591291737,2.675274832,12.00770393,15.15032735,13.09790188,15.58723103
3.590712253,2.647879499,0.025699057,2.60556533,2.690193668,12.1663124,15.37314473,13.28907216,15.81473429
3.600712253,2.662431337,0.025896025,2.619792855,2.70506982,12.32701592,15.59923912,13.48303266,16.04555807
3.610712253,2.676938112,0.026093763,2.633974049,2.719902175,12.48984216,15.8286587,13.67982412,16.27975083
3.620712253,2.691399145,0.026292016,2.648108654,2.734689635,12.65481915,16.06145237,13.87948784,16.51736176
3.630712253,2.705813768,0.026490531,2.662196417,2.74943112,12.82197531,16.29766977,14.08206575,16.75844073
3.640712253,2.720181325,0.026689062,2.676237087,2.764125562,12.99133941,16.53736124,14.28760039,17.00303836
3.650712253,2.734501166,0.026887365,2.690230418,2.778771915,13.16294062,16.78057787,14.4961349,17.25120602
3.660712253,2.748772655,0.027085202,2.704176162,2.793369148,13.3368085,17.02737152,14.70771308,17.50299581
3.670712253,2.762995164,0.02728234,2.718074078,2.807916251,13.51297298,17.27779479,14.92237934,17.75846059
3.680712253,2.777168076,0.027478552,2.731923921,2.82241223,13.69146439,17.53190105,15.14017876,18.017654
3.690712253,2.791290783,0.027673616,2.745725451,2.836856116,13.87231348,17.78974448,15.36115708,18.28063047
3.700712253,2.80536269,0.027867317,2.759478425,2.851246956,14.05555139,18.05138005,15.58536067,18.54744521
3.710712253,2.819383211,0.028059445,2.773182602,2.865583821,14.24120967,18.31686351,15.81283663,18.81815425
3.720712253,2.833351771,0.028249799,2.786837739,2.879865803,14.42932028,18.58625146,16.04363272,19.09281441
3.730712253,2.847267804,0.028438182,2.800443594,2.894092014,14.61991563,18.85960133,16.27779738,19.37148337
3.740712253,2.861130757,0.028624407,2.813999922,2.908261591,14.81302854,19.13697139,16.51537979,19.65421964
3.750712253,2.874940086,0.028808293,2.827506479,2.922373693,15.00869225,19.41842075,16.75642983,19.94108259
3.760712253,2.888695259,0.028989665,2.840963018,2.9364275,15.20694046,19.70400942,17.00099812,20.23213244
3.770712253,2.902395755,0.029168358,2.854369291,2.950422218,15.40780731,19.99379827,17.249136,20.5274303
3.780712253,2.916041061,0.029344213,2.867725048,2.964357074,15.6113274,20.28784907,17.50089557,20.82703819
3.790712253,2.929630679,0.029517079,2.881030037,2.978231321,15.81753575,20.5862245,17.7563297,21.13101899
3.800712253,2.943164119,0.029686813,2.894284005,2.992044233,16.02646789,20.88898818,18.01549202,21.43943654
3.810712253,2.956640902,0.029853282,2.907486694,3.005795111,16.23815979,21.19620463,18.27843693,21.7523556
3.820712253,2.970060562,0.030016356,2.920637847,3.019483277,16.45264791,21.50793934,18.54521965,22.06984187
3.830712253,2.983422642,0.030175919,2.933737203,3.03310808,16.66996918,21.82425877,18.8158962,22.391962
3.840712253,2.996726696,0.030331858,2.946784498,3.046668893,16.89016102,22.14523034,19.09052341,22.71878364
3.850712253,3.00997229,0.030484073,2.959779467,3.060165112,17.11326135,22.47092247,19.36915893,23.05037539
3.860712253,3.023159,0.030632468,2.972721841,3.073596159,17.3393086,22.80140459,19.65186128,23.38680689
3.870712253,3.036286414,0.030776958,2.985611349,3.08696148,17.56834167,23.13674714,19.9386898,23.72814877
3.880712253,3.049354131,0.030917465,2.998447716,3.100260545,17.80040002,23.4770216,20.22970473,24.07447271
3.890712253,3.062361758,0.031053921,3.011230666,3.11349285,18.0355236,23.82230052,20.52496716,24.42585141
3.900712253,3.075308918,0.031186264,3.023959919,3.126657916,18.27375291,24.17265749,20.82453909,24.78235865
3.910712253,3.08819524,0.031314442,3.036635192,3.139755288,18.51512896,24.5281672,21.12848342,25.14406929
3.920712253,3.101020367,0.031438413,3.049256199,3.152784536,18.75969332,24.88890542,21.43686397,25.51105928
3.930712253,3.113783953,0.03155814,3.061822651,3.165745254,19.0074881,25.25494906,21.74974548,25.88340566
3.940712253,3.126485659,0.031673596,3.074334255,3.178637063,19.25855598,25.62637613,22.06719365,26.26118662
3.950712253,3.139125162,0.031784765,3.086790716,3.191459608,19.51294019,26.00326582,22.38927513,26.64448148
3.960712253,3.151702146,0.031891635,3.099191735,3.204212557,19.77068453,26.38569847,22.71605755,27.03337072
3.970712253,3.164216308,0.031994207,3.111537009,3.216895606,20.03183339,26.77375559,23.04760951,27.42793598
3.980712253,3.176667354,0.032092488,3.123826233,3.229508474,20.29643174,27.16751991,23.38400064,27.82826012
3.990712253,3.189055002,0.032186494,3.136059098,3.242050906,20.56452514,27.56707536,23.72530157,28.23442718
4.000712253,3.20137898,0.03227625,3.14823529,3.254522669,20.83615975,27.97250711,24.07158394,28.64652245
4.010712253,3.213639026,0.03236179,3.160354493,3.26692356,21.11138236,28.38390158,24.42292048,29.06463245
4.020712253,3.22583489,0.032443156,3.172416386,3.279253395,21.39024035,28.80134648,24.77938495,29.48884497
4.030712253,3.237966332,0.032520398,3.184420646,3.291512018,21.67278175,29.22493078,25.14105218,29.91924908
4.040712253,3.250033121,0.032593578,3.196366944,3.303699298,21.95905521,29.65474477,25.50799813,30.35593515
4.050712253,3.262035038,0.032662761,3.208254948,3.315815128,22.24911003,30.09088009,25.88029984,30.79899487
4.060712253,3.273971873,0.032728027,3.220084322,3.327859424,22.54299614,30.53342969,26.25803547,31.24852126
4.070712253,3.285843428,0.032789459,3.231854726,3.33983213,22.84076417,30.98248791,26.64128434,31.7046087
4.080712253,3.297649513,0.032847154,3.243565816,3.35173321,23.14246539,31.43815048,27.03012691,32.16735297
4.090712253,3.309389949,0.032901213,3.255217242,3.363562656,23.44815174,31.90051452,27.42464482,32.63685121
4.100712253,3.321064568,0.032951748,3.266808653,3.375320483,23.75787587,32.36967859,27.82492093,33.11320202
4.110712253,3.33267321,0.032998881,3.278339691,3.38700673,24.07169112,32.84574271,28.23103925,33.59650539
4.120712253,3.344215727,0.033042739,3.289809994,3.39862146,24.38965151,33.32880835,28.64308507,34.08686281
4.130712253,3.355691979,0.03308346,3.301219197,3.41016476,24.71181181,33.81897849,29.0611449,34.58437724
4.140712253,3.367101836,0.033121191,3.31256693,3.421636742,25.03822749,34.31635761,29.48530652,35.08915314
4.150712253,3.378445178,0.033156085,3.323852817,3.433037539,25.36895477,34.82105173,29.91565899,35.60129648
4.160712253,3.389721895,0.033188307,3.33507648,3.44436731,25.70405058,35.33316844,30.35229266,36.12091481
4.170712253,3.400931885,0.033218028,3.346237535,3.455626236,26.04357264,35.85281691,30.79529921,36.64811723
4.180712253,3.412075058,0.033245427,3.357335594,3.466814522,26.38757941,36.38010789,31.24477166,37.18301442
4.190712253,3.423151329,0.033270692,3.368370265,3.477932394,26.73613012,36.9151538,31.70080438,37.72571869
4.200712253,3.434160627,0.03329402,3.379341152,3.488980102,27.08928481,37.45806868,32.16349312,38.276344
4.210712253,3.445102886,0.033315616,3.390247854,3.499957918,27.44710428,38.00896826,32.63293503,38.83500596
4.220712253,3.455978051,0.03333569,3.401089966,3.510866136,27.80965015,38.56796998,33.10922867,39.40182186
4.230712253,3.466786076,0.033354464,3.411867079,3.521705072,28.17698485,39.13519299,33.59247405,39.97691071
4.240712253,3.477526922,0.033372164,3.422578782,3.532475062,28.54917163,39.71075821,34.08277263,40.56039327
4.250712253,3.488200562,0.033389025,3.43322466,3.543176465,28.92627459,40.29478833,34.58022737,41.15239204
4.260712253,3.498806974,0.03340529,3.443804291,3.553809657,29.30835866,40.88740783,35.08494269,41.75303133
4.270712253,3.509346147,0.033421207,3.454317256,3.564375037,29.69548964,41.48874305,35.59702459,42.36243723
4.280712253,3.519818076,0.033437032,3.464763128,3.574873023,30.08773419,42.09892217,36.11658056,42.98073772
4.290712253,3.530222766,0.033453028,3.475141482,3.58530405,30.48515985,42.71807525,36.64371972,43.6080626
4.300712253,3.54056023,0.033469462,3.485451887,3.595668574,30.88783507,43.34633428,37.17855272,44.2445436
4.310712253,3.55083049,0.033486608,3.495693914,3.605967065,31.29582919,43.98383318,37.72119188,44.89031434
4.320712253,3.561033572,0.033504747,3.505867131,3.616200013,31.70921245,44.63070784,38.27175112,45.54551043
4.330712253,3.571169515,0.033524162,3.515971105,3.626367924,32.12805605,45.28709615,38.83034604,46.21026942
4.340712253,3.581238361,0.033545144,3.526005406,3.636471317,32.55243211,45.95313803,39.39709392,46.8847309
4.350712253,3.591240164,0.033567984,3.5359696,3.646510728,32.98241371,46.62897545,39.97211377,47.56903647
4.360712253,3.601174982,0.033592982,3.54586326,3.656486704,33.41807489,47.31475248,40.55552632,48.26332982
4.370712253,3.611042882,0.033620436,3.555685956,3.666399808,33.85949067,48.01061531,41.14745405,48.96775672
4.380712253,3.620843938,0.03365065,3.565437264,3.676250613,34.30673706,48.71671226,41.74802126,49.68246507
4.390712253,3.630578232,0.033683929,3.575116763,3.686039701,34.75989109,49.43319384,42.35735405,50.40760494
4.400712253,3.64024585,0.03372058,3.584724035,3.695767666,35.21903078,50.1602128,42.97558034,51.14332858
4.410712253,3.649846889,0.03376091,3.594258669,3.705435109,35.68423519,50.89792409,43.60282995,51.88979046
4.420712253,3.659381451,0.033805227,3.603720261,3.71504264,36.15558444,51.64648498,44.23923457,52.64714733
4.430712253,3.668849643,0.033853838,3.613108414,3.724590872,36.63315969,52.40605503,44.88492783,53.41555818
4.440712253,3.678251581,0.03390705,3.622422737,3.734080426,37.11704319,53.17679616,45.5400453,54.19518437
4.450712253,3.687587388,0.033965168,3.631662852,3.743511924,37.60731825,53.95887265,46.20472452,54.98618959
4.460712253,3.69685719,0.034028492,3.640828389,3.752885991,38.10406929,54.75245121,46.87910507,55.78873991
4.470712253,3.706061122,0.034097321,3.649918991,3.762203252,38.60738187,55.55770102,47.56332853,56.60300385
4.480712253,3.715199325,0.034171951,3.658934315,3.771464334,39.11734266,56.37479372,48.25753857,57.42915236
4.490712253,3.724271944,0.03425267,3.667874029,3.78066986,39.63403946,57.20390348,48.96188094,58.26735892
4.500712253,3.733279133,0.034339762,3.676737818,3.789820449,40.15756125,58.04520704,49.67650353,59.11779952
4.510712253,3.74222105,0.034433506,3.685525383,3.798916717,40.68799819,58.89888374,50.40155639,59.9806527
4.520712253,3.751097858,0.034534172,3.694236441,3.807959274,41.22544161,59.76511555,51.13719175,60.85609966
4.530712253,3.759909726,0.034642022,3.702870731,3.816948721,41.76998406,60.64408712,51.88356406,61.74432419
4.540712253,3.768656829,0.034757312,3.711428007,3.825885652,42.32171932,61.5359858,52.64083005,62.64551279
4.550712253,3.777339348,0.034880286,3.719908046,3.834770651,42.88074239,62.44100174,53.4091487,63.55985468
4.560712253,3.785957468,0.035011179,3.728310646,3.84360429,43.44714953,63.35932783,54.18868134,64.48754183
4.570712253,3.79451138,0.035150217,3.736635628,3.852387131,44.02103829,64.29115984,54.97959164,65.42876904
4.580712253,3.803001278,0.035297613,3.744882836,3.86111972,44.60250748,65.23669639,55.78204566,66.38373391
4.590712253,3.811427363,0.035453569,3.753052135,3.869802591,45.19165724,66.19613905,56.59621189,67.35263697
4.600712253,3.819789841,0.035618275,3.76114342,3.878436262,45.78858901,67.16969232,57.42226128,68.33568164
4.610712253,3.828088921,0.035791908,3.769156608,3.887021233,46.39340559,68.15756375,58.26036726,69.33307432
4.620712253,3.836324817,0.035974634,3.777091642,3.895557992,47.00621113,69.15996389,59.1107058,70.34502444
4.630712253,3.844497749,0.036166602,3.784948493,3.904047005,47.62711115,70.17710644,59.97345546,71.37174447
4.640712253,3.852607939,0.036367952,3.792727156,3.912488722,48.25621257,71.2092082,60.84879736,72.41344998
4.650712253,3.860655615,0.036578806,3.800427655,3.920883575,48.89362373,72.25648919,61.73691531,73.47035969
4.660712253,3.868641008,0.036799275,3.80805004,3.929231976,49.53945438,73.31917264,62.63799578,74.54269551
4.670712253,3.876564355,0.037029454,3.81559439,3.937534319,50.19381574,74.39748509,63.55222795,75.6306826
4.680712253,3.884425893,0.037269426,3.823060809,3.945790978,50.85682049,75.49165639,64.47980379,76.73454939
4.690712253,3.892225868,0.037519259,3.830449427,3.954002308,51.5285828,76.60191977,65.42091806,77.85452766
4.700712253,3.899964524,0.037779006,3.837760404,3.962168645,52.20921835,77.72851191,66.37576834,78.99085255
4.710712253,3.907642115,0.038048707,3.844993923,3.970290306,52.89884434,78.87167295,67.34455514,80.14376267
4.720712253,3.915258892,0.03832839,3.852150196,3.978367588,53.59757952,80.03164658,68.32748185,81.31350007
4.730712253,3.922815114,0.038618067,3.859229457,3.986400771,54.30554422,81.20868006,69.32475485,82.50031036
4.740712253,3.930311042,0.03891774,3.866231966,3.994390117,55.02286035,82.40302428,70.33658355,83.70444273
4.750712253,3.937746939,0.039227394,3.873158009,4.002335868,55.74965144,83.61493385,71.36318037,84.92615
4.760712253,3.945123072,0.039547006,3.880007893,4.010238251,56.48604263,84.84466709,72.40476088,86.16568868
4.770712253,3.952439713,0.039876539,3.886781949,4.018097476,57.23216073,86.09248615,73.46154377,87.42331904
4.780712253,3.959697133,0.040215944,3.893480529,4.025913736,57.98813423,87.358657,74.53375092,88.69930513
4.790712253,3.966895608,0.040565163,3.900104007,4.033687209,58.7540933,88.64344956,75.62160746,89.99391485
4.800712253,3.974035417,0.040924126,3.906652774,4.041418061,59.53016984,89.94713769,76.72534179,91.30742004
4.810712253,3.981116842,0.041292753,3.913127244,4.04910644,60.31649749,91.26999929,77.84518567,92.64009648
4.820712253,3.988140165,0.041670956,3.919527848,4.056752483,61.11321166,92.61231635,78.98137422,93.99222399
4.830712253,3.995105674,0.042058636,3.925855031,4.064356316,61.92044955,93.974375,80.13414599,95.36408645
4.840712253,4.002013656,0.042455686,3.932109259,4.071918052,62.73835015,95.35646559,81.30374304,96.75597192
4.850712253,4.008864402,0.042861993,3.93829101,4.079437793,63.56705432,96.75888272,82.49041092,98.16817264
4.860712253,4.015658205,0.043277435,3.944400776,4.086915633,64.40670475,98.18192534,83.6943988,99.60098512
4.870712253,4.02239536,0.043701884,3.950439065,4.094351654,65.25744603,99.62589679,84.91595947,101.0547102
4.880712253,4.029076164,0.044135206,3.956406394,4.101745934,66.11942466,101.0911049,86.15534942,102.5296531
4.890712253,4.035700916,0.044577259,3.962303294,4.109098538,66.99278908,102.5778619,87.41282887,104.0261235
4.900712253,4.042269917,0.045027899,3.968130304,4.11640953,67.87768967,104.0864849,88.68866185,105.5444357
4.910712253,4.048783469,0.045486976,3.973887975,4.123678964,68.77427882,105.6172953,89.98311623,107.0849083
4.920712253,4.055241877,0.045954335,3.979576863,4.130906891,69.68271092,107.1706194,91.29646381,108.6478649
4.930712253,4.061645446,0.046429818,3.985197536,4.138093355,70.60314241,108.7467885,92.62898034,110.2336336
4.940712253,4.067994483,0.046913265,3.990750567,4.145238399,71.53573177,110.3461385,93.9809456,111.8425474
4.950712253,4.074289297,0.047404509,3.996236533,4.152342061,72.48063961,111.9690102,95.35264345,113.4749441
4.960712253,4.080530199,0.047903386,4.001656021,4.159404376,73.43802864,113.6157497,96.7443619,115.1311663
4.970712253,4.086717498,0.048409726,4.007009619,4.166425378,74.40806371,115.286708,98.15639317,116.811562
4.980712253,4.092851509,0.048923358,4.012297921,4.173405098,75.39091188,116.9822412,99.58903372,118.5164839
4.990712253,4.098932545,0.049444112,4.017521523,4.180343567,76.38674238,118.7027108,101.0425844,120.2462899
5.000712253,4.10496092,0.049971813,4.022681024,4.187240815,77.3957267,120.4484835,102.5173503,122.0013433
5.010712253,4.110936949,0.050506288,4.027777027,4.194096872,78.41803858,122.2199315,104.0136411,123.7820126
5.020712253,4.116860951,0.051047363,4.032810134,4.200911768,79.45385408,124.0174323,105.5317711,125.5886715
5.030712253,4.122733241,0.051594863,4.037780951,4.207685532,80.50335155,125.8413691,107.0720589,127.4216996
5.040712253,4.128554139,0.052148616,4.042690081,4.214418198,81.56671172,127.6921308,108.6348279,129.2814816
5.050712253,4.134323963,0.052708446,4.04753813,4.221109797,82.6441177,129.5701118,110.2204064,131.1684081
5.060712253,4.140043033,0.05327418,4.052325704,4.227760363,83.73575502,131.4757125,111.8291271,133.0828751
5.070712253,4.145711669,0.053845645,4.057053407,4.234369932,84.84181166,133.409339,113.4613279,135.0252847
5.080712253,4.151330192,0.054422671,4.061721842,4.240938542,85.96247809,135.3714036,115.1173514,136.9960448
5.090712253,4.156898922,0.055005086,4.066331611,4.247466233,87.09794728,137.3623244,116.7975455,138.9955691
5.100712253,4.162418182,0.05559272,4.070883315,4.253953048,88.24841476,139.382526,118.5022627,141.0242773
5.110712253,4.167888293,0.056185406,4.075377554,4.260399032,89.41407864,141.4324388,120.2318612,143.0825956
5.120712253,4.173309577,0.056782977,4.079814922,4.266804232,90.59513966,143.5124999,121.986704,145.1709561
5.130712253,4.178682357,0.057385267,4.084196015,4.273168699,91.79180118,145.6231527,123.7671596,147.2897972
5.140712253,4.184006955,0.057992114,4.088521424,4.279492487,93.00426927,147.764847,125.5736018,149.4395638
5.150712253,4.189283694,0.058603356,4.092791737,4.285775651,94.23275273,149.9380395,127.4064099,151.6207073
5.160712253,4.194512897,0.059218833,4.097007541,4.292018253,95.47746309,152.1431933,129.2659688,153.8336856
5.170712253,4.199694886,0.059838387,4.101169417,4.298220355,96.7386147,154.3807786,131.1526688,156.0789635
5.180712253,4.204829984,0.060461863,4.105277945,4.304382022,98.01642473,156.6512722,133.0669061,158.3570123
5.190712253,4.209918513,0.061089108,4.109333701,4.310503325,99.31111321,158.9551582,135.0090827,160.6683103
5.200712253,4.214960796,0.061719968,4.113337255,4.316584336,100.6229031,161.2929277,136.9796063,163.0133428
5.210712253,4.219957154,0.062354295,4.117289178,4.322625131,101.9520203,163.665079,138.9788906,165.3926023
5.220712253,4.224907911,0.062991942,4.121190032,4.328625789,103.2986936,166.0721178,141.0073554,167.8065882
5.230712253,4.229813387,0.063632763,4.125040379,4.334586394,104.663155,168.5145572,143.0654267,170.2558074
5.240712253,4.234673903,0.064276616,4.128840775,4.340507031,106.0456395,170.9929177,145.1535366,172.7407741
5.250712253,4.239489781,0.064923359,4.132591773,4.346387789,107.446385,173.5077277,147.2721234,175.2620102
5.260712253,4.244261341,0.065572855,4.136293921,4.352228762,108.8656328,176.0595234,149.4216321,177.8200449
5.270712253,4.248988903,0.066224968,4.139947763,4.358030044,110.3036273,178.6488485,151.6025139,180.4154154
5.280712253,4.253672787,0.066879563,4.143553839,4.363791735,111.7606161,181.2762551,153.8152267,183.0486666
5.290712253,4.25831331,0.067536508,4.147112684,4.369513937,113.2368502,183.9423032,156.0602351,185.7203514
5.300712253,4.262910792,0.068195676,4.15062483,4.375196755,114.7325836,186.6475611,158.3380106,188.4310307
5.310712253,4.267465551,0.068856937,4.154090804,4.380840297,116.2480741,189.3926056,160.6490312,191.1812738
5.320712253,4.271977902,0.069520168,4.157511129,4.386444676,117.7835825,192.1780217,162.9937824,193.9716579
5.330712253,4.276448163,0.070185246,4.160886322,4.392010004,119.3393732,195.0044032,165.3727563,196.8027691
5.340712253,4.280876649,0.07085205,4.164216897,4.3975364,120.9157143,197.8723526,167.7864526,199.6752018
5.350712253,4.285263674,0.071520462,4.167503364,4.403023984,122.512877,200.7824811,170.2353779,202.589559
5.360712253,4.289609553,0.072190366,4.170746228,4.408472877,124.1311365,203.7354093,172.7200465,205.5464526
5.370712253,4.293914598,0.072861649,4.173945989,4.413883207,125.7707714,206.7317664,175.24098,208.5465036
5.380712253,4.298179122,0.073534198,4.177103143,4.4192551,127.4320641,209.7721913,177.7987078,211.5903418
5.390712253,4.302403436,0.074207904,4.180218183,4.424588689,129.1153006,212.8573321,180.3937669,214.6786063
5.400712253,4.30658785,0.074882659,4.183291594,4.429884105,130.8207709,215.9878462,183.0267021,217.8119455
5.410712253,4.310732673,0.075558359,4.18632386,4.435141486,132.5487684,219.1644012,185.6980663,220.9910174
5.420712253,4.314838214,0.076234899,4.18931546,4.440360968,134.299591,222.3876741,188.4084204,224.2164893
5.430712253,4.31890478,0.076912179,4.192266867,4.445542694,136.0735399,225.658352,191.1583334,227.4890386
5.440712253,4.322932678,0.077590099,4.195178552,4.450686804,137.8709208,228.9771321,193.9483827,230.8093524
5.450712253,4.326922212,0.078268562,4.198050978,4.455793445,139.692043,232.3447218,196.7791542,234.1781277
5.460712253,4.330873686,0.078947473,4.200884608,4.460862763,141.5372203,235.761839,199.6512422,237.596072
5.470712253,4.334787403,0.079626738,4.203679898,4.465894908,143.4067703,239.2292121,202.5652497,241.0639028
5.480712253,4.338663665,0.080306266,4.206437299,4.47089003,145.301015,242.7475802,205.5217885,244.5823484
5.490712253,4.342502772,0.080985967,4.209157261,4.475848283,147.2202806,246.3176932,208.5214795,248.1521473
5.500712253,4.346305023,0.081665754,4.211840226,4.480769821,149.1648976,249.9403123,211.5649525,251.7740492
5.510712253,4.350070718,0.08234554,4.214486634,4.485654801,151.1352008,253.6162097,214.6528464,255.4488146
5.520712253,4.353800151,0.083025242,4.21709692,4.490503382,153.1315295,257.3461688,217.7858097,259.1772149
5.530712253,4.35749362,0.083704778,4.219671516,4.495315724,155.1542275,261.1309848,220.9645,262.9600331
5.540712253,4.361151418,0.084384066,4.222210847,4.500091988,157.2036431,264.9714644,224.189585,266.7980634
5.550712253,4.364773837,0.085063029,4.224715337,4.504832338,159.2801293,268.8684264,227.4617416,270.6921116
5.560712253,4.36836117,0.085741589,4.227185403,4.509536937,161.3840435,272.8227014,230.7816569,274.6429953
5.570712253,4.371913707,0.086419671,4.229621461,4.514205953,163.5157481,276.8351323,234.150028,278.6515441
5.580712253,4.375431736,0.087097201,4.232023919,4.518839553,165.6756101,280.9065744,237.5675622,282.7185996
5.590712253,4.378915546,0.087774107,4.234393185,4.523437906,167.8640015,285.0378957,241.0349769,286.8450158
5.600712253,4.382365421,0.088450318,4.236729661,4.528001181,170.0812992,289.2299767,244.5530002,291.0316591
5.610712253,4.385781647,0.089125766,4.239033743,4.53252955,172.3278849,293.483711,248.1223708,295.2794084
5.620712253,4.389164507,0.089800384,4.241305827,4.537023186,174.6041455,297.8000055,251.7438382,299.5891558
5.630712253,4.392514282,0.090474105,4.243546303,4.541482261,176.910473,302.1797801,255.4181626,303.961806
5.640712253,4.395831253,0.091146866,4.245755556,4.54590695,179.2472646,306.6239686,259.1461155,308.3982772
5.650712253,4.399115699,0.091818603,4.247933969,4.550297429,181.6149225,311.1335181,262.9284798,312.8995008
5.660712253,4.402367897,0.092489256,4.250081919,4.554653874,184.0138547,315.7093901,266.7660495,317.466422
5.670712253,4.405588122,0.093158764,4.252199782,4.558976462,186.444474,320.3525598,270.6596305,322.0999997
5.680712253,4.40877665,0.093827069,4.254287928,4.563265372,188.9071991,325.0640171,274.6100401,326.8012066
5.690712253,4.411933753,0.094494114,4.256346724,4.567520782,191.4024542,329.8447663,278.6181079,331.57103
5.700712253,4.415059702,0.095159844,4.258376532,4.571742871,193.9306687,334.6958265,282.6846754,336.4104714
5.710712253,4.418154766,0.095824203,4.260377712,4.575931821,196.4922782,339.6182317,286.8105965,341.3205467
5.720712253,4.421219215,0.096487139,4.262350619,4.580087812,199.0877237,344.6130312,290.9967374,346.3022869
5.730712253,4.424253315,0.097148601,4.264295605,4.584211025,201.7174522,349.6812897,295.243977,351.3567381
5.740712253,4.42725733,0.097808537,4.266213017,4.588301643,204.3819165,354.8240876,299.5532072,356.4849615
5.750712253,4.430231525,0.098466899,4.268103202,4.592359848,207.0815754,360.0425211,303.9253328,361.6880338
5.760712253,4.433176161,0.09912364,4.269966498,4.596385824,209.8168938,365.3377027,308.3612716,366.9670475
5.770712253,4.436091498,0.099778711,4.271803243,4.600379754,212.5883427,370.710761,312.8619551,372.323111
5.780712253,4.438977796,0.100432068,4.273613771,4.604341821,215.3963994,376.1628415,317.4283283,377.7573489
5.790712253,4.441835311,0.101083667,4.275398412,4.60827221,218.2415475,381.6951062,322.06135,383.2709021
5.800712253,4.444664299,0.101733463,4.277157493,4.612171105,221.1242767,387.3087346,326.7619929,388.8649283
5.810712253,4.447465014,0.102381417,4.278891335,4.616038693,224.0450837,393.0049231,331.5312439,394.5406021
5.820712253,4.450237708,0.103027486,4.28060026,4.619875156,227.0044713,398.784886,336.3701045,400.2991151
5.830712253,4.452982632,0.103671631,4.282284582,4.623680681,230.0029491,404.6498554,341.2795907,406.1416764
5.840712253,4.455700034,0.104313813,4.283944615,4.627455454,233.0410335,410.6010816,346.2607332,412.0695127
